lights,Tdewpoint,RH_6,day_of_week,Windspeed,hour,month
0,5.194252829877586,72.798333005726,0,0.5925573650032034,3,4
20,11.630582814844088,43.417204506958925,0,3.8360416180808086,0,3
0,7.747400161185517,73.00786670308106,1,0.3513501234665837,0,5
0,1.3407991957269374,89.14498469622463,4,5.902816549866817,10,2
0,-0.007826290159579585,80.16694405619666,2,4.241829731284315,12,5
0,5.824134553745402,70.41057098226301,5,0.4669714407522356,21,3
0,-1.7772064975943342,87.83579290060615,4,3.2818120490149014,1,5
10,11.443031413118275,91.03241404105684,0,2.196050430040924,14,2
0,8.708042814909371,97.66306764749436,1,4.82211884692427,12,2
0,1.7926802326227196,74.81627045552477,1,7.3254914644172935,16,2
0,-3.425289177598052,49.40338762742434,0,0.0,11,1
30,9.439724689178792,59.17918623926117,1,4.321706005562589,2,2
10,3.2802525520601895,92.19160348138186,1,3.6472309020128257,7,2
0,8.952910379162809,29.161695823549334,1,5.685354339010243,8,1
0,-2.9273556611051905,66.09318539045587,6,4.562343678368915,18,5
0,1.2465397235679503,42.35665574028094,5,2.1965089893211625,6,4
0,3.7827023396446,55.50447904192801,3,3.257680128712971,10,5
0,3.9577739118980215,94.43261072898599,3,2.088516727265593,21,4
0,1.8728407104104097,60.56178225939366,3,6.677282580209712,11,4
0,6.373342986246364,56.05557284817537,5,4.09199126252645,7,2
0,-0.7175848567730938,12.249828577435764,0,8.69998949450753,15,1
0,3.1634750673764014,77.85473710323865,2,3.8910586733766035,18,1
0,4.265304677098463,74.71579032584052,2,2.3032904458670656,23,4
0,5.9185966075158545,99.9,1,0.3293037997904573,7,2
0,6.745680673727358,45.02185111608894,0,0.0,0,3
10,-0.9567706497411246,61.43557355186894,5,0.1566850443802057,10,1
0,-2.674361818996257,62.37733672369249,2,4.6945380614597605,11,1
0,9.12011118082324,99.9,1,5.286748969753494,19,2
0,5.154647116875653,51.64064605292541,1,0.16390447974294942,5,5
0,0.6210694358554756,63.3005497504176,6,6.233688068544685,5,5
0,10.267243141907667,73.5449416576537,3,2.8556625064454813,1,2
0,4.245921220278991,60.42192134850247,5,4.399573765916397,15,3
0,8.707443245968609,40.7027629580306,0,7.991660135129226,12,2
20,4.0439231178458215,60.65494898874419,3,6.238102721241868,9,5
20,12.404818687630193,88.05250397750015,2,3.381523852741654,10,5
10,11.123743530474451,22.63333108268537,1,1.8552429635514458,4,4
0,2.716389939555449,58.75106292458771,0,0.0,15,1
0,7.836104851976297,32.800455912822315,5,2.27694827535037,9,3
0,6.467831695684195,91.8345538907758,0,3.5222249182515637,10,2
0,9.50163426573577,7.162106991446642,4,1.6199569116475798,13,5
0,-0.2868072389212255,37.19877634549022,1,3.718011927776767,23,5
0,6.638451137378192,66.35916006978003,6,4.228132629257629,12,2
0,8.20042484828424,99.9,5,3.4885800942290333,21,4
20,-3.6165859131385156,52.56097551889472,3,2.446451990264669,1,3
0,-1.2026458924643135,37.31472590891348,6,4.4531615173378185,1,2
0,-4.79315397359793,99.9,0,5.123045736895756,16,2
0,2.6306400711280604,9.503731484574203,0,1.3669430230580288,13,3
0,6.770543935793755,1.0,5,7.498258232691418,9,5
0,10.062565621996095,68.31544808916377,5,3.7980904488235723,10,2
0,4.071508376249251,38.97019176001814,0,4.085956294332347,6,5
30,10.592175538306703,22.79787938025901,1,5.7757414977243275,15,5
10,-2.0283327278535337,76.67424921162436,3,4.611415896702347,4,3
20,-3.38438259550105,62.20342829386649,6,6.3760998672880005,2,3
20,3.5277038310563618,37.03814354160905,2,4.743556380306588,20,5
0,5.371726169878597,14.727849907420605,3,2.5385325977191497,11,2
20,3.6235639116643035,81.78595979817644,3,4.925876600190404,10,5
0,-4.911484663015255,74.86272386102371,4,1.2362264634568572,2,5
0,3.3868796851737377,51.51977448331854,0,4.305855497911482,17,5
0,-1.7110833001857761,99.9,6,3.9582976723635537,13,1
0,6.569747373105454,21.276150646180724,2,3.529611381212499,17,2
0,5.298457405291385,7.089270455070327,1,3.724677913510698,9,2
0,-0.18175784493564606,33.05628132708186,2,0.0,16,4
10,1.6052161136724492,53.18908782747084,6,2.694705909425312,3,3
0,-0.6823208404555583,62.18905999583822,0,4.26733504497408,22,2
0,3.4977901262953917,47.09462701518415,2,4.431594992181983,9,4
0,7.767192532813564,65.57554064642908,5,1.520693228720995,12,1
0,-0.3740667602233776,15.623873278500682,6,7.142280850526651,6,2
10,5.87500449104727,99.58207053439929,5,1.9165660740474415,16,2
0,1.5364628950581705,52.05009012820946,6,6.416105176468251,18,4
30,0.43488455666802395,89.4126316470709,2,5.086899332633008,5,3
0,3.3117521983079135,65.28491139586542,5,2.455706012282234,10,3
0,-0.5817701004973381,68.83685749723784,4,8.391430351708621,13,4
0,1.4383430059317903,72.35722356103383,5,1.113884512394713,21,3
10,-1.2639690428081654,68.55511812092666,5,6.2928013603591415,12,2
0,12.002036891197825,74.6297725892295,5,6.492399705879963,6,1
0,3.9086250479079605,96.01192668015273,0,2.3959136350490917,2,1
0,0.8256047787553316,60.73067967421175,2,7.452991346447306,20,5
0,4.658277235276127,76.6944128014729,4,3.4268325411826166,13,3
0,3.289530255524981,51.81383393043113,6,4.747403482994622,20,1
0,2.8338172136839006,99.4684550868158,6,4.6778579654782755,0,1
10,6.336919884660989,33.53959448274588,1,3.7105313555367654,23,3
0,6.938184941945281,99.9,2,6.0272216566287256,13,5
0,1.535441375666863,53.358171020652826,1,5.984767612394952,9,4
0,1.3453521294811424,10.040716705090105,5,0.0,12,5
0,2.6069618599947195,58.59951104384957,5,7.236977390391036,23,1
0,-5.895041764101791,33.39445646604459,2,0.0,7,3
0,-2.594986042739132,80.79496674908232,4,6.5707502426146345,6,1
0,9.494263052673354,34.279973122609164,5,6.801554558138082,12,2
20,10.660767124112347,40.71055605807284,5,1.3655523162517187,14,1
0,2.716088381803674,1.0,4,3.032755262395268,17,2
0,6.1791602828295265,40.51982934670661,0,1.3294256429102647,9,5
0,5.066291652884048,1.0,4,3.512932852110219,18,3
0,15.5,5.270817910327608,3,3.2846917254909074,6,4
0,8.456929344381045,78.2958523113712,4,5.9508716723360005,23,3
0,3.224137617806658,79.08660578650208,0,7.251607508521885,0,1
0,-0.2474487744773901,67.8620038454526,6,7.46088062625774,1,5
0,-2.977769713391826,24.487964242856656,0,2.661753859525887,7,1
0,4.614165165672652,53.12288390570243,5,3.526902742066686,1,1
0,0.5880818497413687,54.49686499425235,2,0.0,10,3
0,-2.2051465778581125,18.526248186187537,4,2.0643863976196783,2,4
0,1.0485613168948675,99.9,1,6.404815914684503,18,3
0,-0.7760061258717847,81.93874842150879,2,7.999901617511458,11,3
0,10.837671872926196,47.72609226734568,5,1.0140903207426497,23,4
0,7.458875163741644,55.44657205306238,6,2.5874911099629276,3,2
20,3.7272644433359092,61.10016740294276,1,3.9750253745918807,9,4
0,9.968551344139744,1.0,3,4.726488515584637,0,3
0,4.085239670148447,46.909555905248844,5,2.0552348796526476,18,3
0,0.14792295552398604,33.36540645229435,2,5.079218880439205,1,3
0,10.149675979180746,23.408814518327937,4,2.8782669388116933,15,1
0,6.021244713993827,45.85286383263556,5,4.004326005983123,8,5
0,-0.5901754696681527,99.9,0,5.378814915454355,9,1
0,2.9623031420276087,74.57121411275722,2,4.055494110255771,8,4
20,0.08779665509795764,36.81696873567759,3,2.9700736232491725,21,4
10,-2.0396510318003225,72.4449258744873,5,3.7710739001861207,3,5
0,7.645695510584407,98.19873358807814,4,3.8231546037718362,11,4
10,11.770037243099157,83.41124311627453,1,3.1327730493635695,19,4
10,-2.1057915796943796,56.46655783488086,5,3.4053854686671055,23,4
0,6.12216455584873,34.457128348324915,1,7.958388595799628,23,3
20,1.0314904220266414,76.35860406440223,5,5.414689019110293,3,4
0,1.7173874295757048,66.86607675832083,2,3.3154642660176097,16,4
10,1.2758229741785767,82.49417841252044,6,5.748140707753615,18,5
20,0.1365698544477767,74.39456170757475,3,3.2214864982739697,5,3
0,3.9642380075852275,87.3024467258958,3,6.915338994906584,21,3
0,0.2751637591497502,37.936610449732456,2,4.945826268424384,16,5
0,4.895178004701595,95.64565279364264,3,3.7767304837369786,19,3
0,3.549975688937158,60.764272714828564,6,5.137204664241787,2,4
10,2.7584039585004847,99.9,6,0.18918771715268567,10,1
10,-0.04620308416372021,33.1410166423251,3,1.2777960724968063,9,3
0,1.3413542528963003,99.9,4,1.113178132772782,3,3
0,6.9293070359874775,60.77396587311437,0,4.3901367694918445,1,2
0,5.861878062573843,34.31753903117916,6,8.286528176641239,2,4
0,-0.3397931252457429,39.53613359088039,0,9.509160606084972,23,2
0,4.177370905891747,44.630326924586754,3,5.603755717522671,21,5
0,6.912511236297693,67.82177027700482,3,5.2674320074116485,4,3
20,-3.2418603822751217,70.89530734471664,0,0.0,23,2
0,6.039911520584046,36.73843963411556,1,2.709538510059446,23,2
0,0.9812335500701916,53.85044256647564,0,2.1087199446194536,8,3
0,6.154167335861459,99.9,3,2.517917284305822,16,2
0,0.5591034974135822,99.9,5,3.6275941173177264,7,4
30,-3.8101379300690104,68.20048099681941,1,2.8825535583354016,18,2
20,-3.0662604975176206,55.79288435511617,0,0.0,18,3
0,3.9624062833850253,58.34803591383643,4,5.8730447411949385,15,2
0,4.85015129552966,73.72004913927235,0,1.4102219008084296,0,4
0,-0.03258290770486516,22.749293530735688,1,4.626198553326181,19,5
0,6.439377340653397,46.59185420993396,4,9.12378588824718,7,3
0,-3.2087846660870865,2.6330133993253924,4,1.7861372546683505,7,4
0,3.48352538163874,67.04480615775248,4,0.0,8,2
0,-1.3190796145499464,74.76911127274215,0,3.338692268160079,23,5
0,1.0264839475851573,39.55791888528182,0,6.738446653549836,17,2
0,3.9595275999950186,99.9,5,8.840093343132462,16,5
20,0.15157580605192544,16.426720936191877,2,1.025854408465586,23,5
0,2.147631784920385,8.994090140071137,5,5.257271081009202,9,1
0,7.981750819555304,61.60071396413116,4,2.8991731304367034,9,4
0,1.3408486344304444,87.22599224652873,1,3.780048920945678,7,2
30,7.26614097460279,99.9,1,10.521620611004202,0,5
0,-0.9780155461379421,40.31492767988781,3,0.3556398713901521,23,1
0,5.983048813858209,88.20978195060235,5,4.661723596907161,7,1
0,9.807579559669069,53.409552038072405,0,5.18617084995228,13,4
0,-6.6,49.23177650561226,5,6.701253523275471,15,3
0,0.41801190786644193,82.134918900259,4,4.279930034962301,19,2
0,6.181321214910195,74.92881441831543,4,4.794851540199641,20,5
0,2.9090029769953736,5.504773713844223,2,3.079734671488997,15,2
0,5.31753310019274,99.9,3,4.6994412140978685,10,2
0,1.2272017101243269,97.59866115974745,3,3.198511732731516,14,5
0,4.123920530533369,35.12292667260009,1,5.563361534519983,21,4
10,3.107695687572768,66.93828661899933,2,3.133755238357076,7,1
0,8.659141362706443,69.99802778693261,0,4.964107966123179,9,4
0,4.827912705514992,62.729020589835756,5,3.9680220982732317,9,4
0,5.176831141549455,37.46718467300415,6,6.79994928794464,2,2
0,2.033028041728377,33.68814585485494,6,3.9137743558941036,17,5
0,1.715370473819605,53.81307903686994,0,0.0,6,3
0,1.9462775999105637,91.13936468209073,3,7.132999695528914,23,3
0,5.415294691025612,71.54212267709713,0,1.8196020310060157,3,1
0,1.9948252249187328,43.06451888841793,5,2.437226189528152,15,3
0,4.976210342101842,78.64734841866098,1,2.5796544721618426,2,2
0,12.466282332839075,1.0,3,7.408802685446096,13,2
0,7.414768217268119,90.39291195061956,5,0.0,21,2
0,2.393152962596343,1.0,3,11.731065571479608,9,2
20,8.799376243991265,43.319118421537276,4,6.628379921368344,16,4
0,2.0489743859988128,19.731583525323657,0,4.586959536474763,19,2
0,-4.788507803038316,14.28000674825548,2,3.9051944047177813,17,4
0,-0.46786019564245507,90.76861246951708,3,4.739707742502101,3,5
20,-4.086606415355139,40.040281758973535,3,5.317137744713351,19,3
10,2.286231591155194,65.4026120386055,1,5.621317449581331,10,2
0,3.8379654803664365,53.147516463929286,1,5.401660825865275,14,3
0,10.792771008479075,69.46881255027617,5,4.259333721928198,3,4
10,5.132052066547194,57.002070381099145,2,3.5560317079992387,23,3
0,2.8416573071513564,14.64412466431778,4,3.6689475201710353,3,3
0,7.239771191450194,85.6426014135742,3,3.561988517130883,10,5
0,-5.51422707092193,39.22866167235174,6,6.8188723337655475,17,4
0,4.749026962046631,6.121859414996081,2,5.4946901784865805,7,1
20,6.994214882614814,41.273379231130946,3,0.0,7,1
20,-2.4414417287965877,99.9,6,5.6475092089064995,8,2
0,8.558352287122933,81.09332560555703,5,4.517093083336564,22,3
0,5.180580088837224,43.74863708269493,2,3.993892420851766,10,4
0,2.0187203170145764,43.72977369753663,5,3.0874072722401187,19,5
0,6.415003950685352,44.590213979400815,4,6.7951999725573735,21,4
20,13.285463745989432,99.9,4,6.362348098593694,14,3
20,4.523571759020927,66.50629858157109,1,2.1452580450785064,10,2
10,4.801904810909612,68.00479721596953,1,5.037526663970554,17,5
0,1.833849663218624,86.70221297742589,5,1.658006700751502,22,5
0,0.19590902148324574,62.047319336435045,4,0.6580032365836352,22,3
0,7.243673201192262,46.53997083169164,3,2.5035295352760745,23,5
20,0.16973669901831867,48.492823704899436,5,6.153668359914995,22,3
0,4.060902027987977,52.37871805639226,5,6.376071461226927,18,3
0,1.7571020910132242,53.44961794604855,2,5.2974372644039445,4,1
0,5.769858555065991,77.27460242116146,0,5.8171214440125585,10,4
0,5.160301893548779,56.22718764651136,1,5.305018563768441,7,4
0,8.112821546916347,77.43067956946757,5,2.4673388057497982,9,3
0,1.6213676826865027,52.09477758626498,0,5.098489151745576,18,1
0,2.6286765529160077,57.05855430091262,6,6.0017320314237255,15,5
0,-0.34486223544145744,1.0,1,5.888686160525382,13,2
0,1.8970531044759134,83.15251257292367,1,6.954040664751309,12,5
0,5.343349562281825,65.40213214990682,2,5.775960695539748,12,3
0,6.936007527930598,85.6969045715086,2,4.901228798333931,15,2
0,-0.10745191463049908,1.0,2,6.6629260255523235,6,4
0,7.408397456077692,99.9,6,3.974742252998297,21,3
0,9.447130275499815,50.26089356831399,2,1.878082393395475,7,2
0,5.494920687708745,89.1287630035337,2,3.640038608026127,10,1
10,11.633204357920814,22.216215628828365,5,2.213830997944061,10,3
0,0.5149336771820372,73.69687157586067,4,2.3847408099982648,5,4
0,-1.4601812906353606,21.795393088480452,5,3.6855045665884054,18,3
0,-3.7003981752224497,35.17880135073858,1,2.0973556714101553,1,4
0,10.036085898276465,99.9,4,3.2848700629349414,15,1
0,6.505540349719991,48.66936361992776,1,0.0,7,2
0,3.5275487464785664,61.38207517808558,1,4.562581640745625,5,2
30,4.935076658243899,81.71152429708404,6,4.0427065962072035,23,5
0,-0.9603233296299116,70.04947797393618,1,2.0368872209740263,1,3
20,14.019775112302812,59.29460308281188,4,5.655708276862215,14,2
0,4.302744217187017,65.9775477665375,3,6.337942950830987,8,4
10,4.219579504327507,99.9,3,0.0992678456669327,11,2
0,6.805042263650389,52.81426904520581,6,2.1701450164339713,3,1
0,5.778371198509696,60.87327965450416,1,2.154414133618083,8,5
0,4.6998215037152065,87.33676386547242,0,1.735841861327987,22,4
0,0.4449449027911827,89.04600158956747,6,6.072977534640926,9,5
0,5.7383505895214695,91.58484697413746,4,3.5646410848698005,3,3
0,11.655136845593198,74.50540581061398,6,3.3913674806165046,3,3
0,9.404270149788825,19.00470224127193,1,0.0,8,3
0,10.443563700211453,99.9,3,5.597301479063576,15,4
0,1.6163371355968925,18.900646928763393,2,1.0020559968655567,18,2
20,-0.39033685086223,64.0361193808235,5,4.186659808424294,12,2
20,3.2330750339026344,31.113537082893043,6,4.719663776038221,0,1
20,3.9944532486633624,52.6111863420345,2,7.375026097648828,3,2
0,8.350454950040355,64.84996864770119,0,0.8315441786334432,17,2
0,-3.33858622892991,64.61929826555344,2,0.0,0,3
20,10.176631802074443,67.75183297686102,4,4.490407502614744,5,3
0,3.097919376281604,99.9,4,8.453201819134048,18,2
20,1.9700911101024212,68.73658883762869,6,7.076682539884136,4,4
20,-0.484714560538853,47.00365159506072,0,4.553673189066984,15,5
10,-3.18083408995836,84.64021152683644,3,2.8346429614137216,19,3
0,7.213617573853276,91.66085821223484,1,6.018187250390771,11,3
0,4.068249918310054,16.369338254804333,2,1.6533752048096915,2,2
10,-1.6502248294025392,73.2179795934226,2,5.207409690107211,8,4
0,-1.6716925014603534,76.45047819576705,2,5.278770579892652,23,3
0,2.352208304059441,45.34003802228162,5,6.638560081824536,20,5
0,10.761664393653644,97.46208356385802,4,10.804287262359995,20,3
20,2.671812565983388,49.93488098098336,4,5.001649814927367,18,2
0,-2.544448468068591,58.52076553575624,1,2.7921695832561486,21,4
0,2.7299012542315486,49.21792965861931,5,3.9770634291371154,8,3
0,2.6167275345694794,55.09436769547057,5,0.0,14,4
0,-6.6,20.46032724463742,1,2.3368565681599143,12,5
30,3.5329590216817826,9.751777943911172,0,3.0365101642915966,9,4
0,2.792017838799844,99.9,4,2.7550954299160586,19,5
0,6.681047386875316,28.22640180340508,1,4.413207111872688,23,3
10,11.516426546708672,23.727404155551234,4,2.0238190253377466,0,5
0,8.486250428191125,1.0,4,6.787645181565443,22,4
0,2.6328135022733403,34.70554898517692,2,4.040259271953824,5,5
0,-0.8807796415375835,13.39509316706826,6,4.016954571344696,5,2
0,14.555044993438456,99.9,5,3.23600942453174,1,1
0,4.0091073420071055,86.06468969037964,0,4.4201583122527435,1,4
10,3.8191353401403467,33.173333722130145,4,6.062249578268542,12,3
10,3.6595106215581867,99.9,3,1.9142242575542188,11,3
10,4.591602678882172,85.1908877226477,0,2.426563011164826,0,5
20,3.1551657766328454,44.490648849015066,4,3.295252209924402,14,2
0,1.3543967707729925,1.0,1,0.7407251698834054,15,5
0,1.466826192031426,99.9,4,2.03156996300049,0,4
10,3.623318431972352,11.32417079794078,5,2.872429292046153,1,4
0,1.4812313262343264,3.3552318320653924,4,6.183072487353794,5,3
0,0.770569846954618,86.46195383872075,1,4.683347450078118,15,1
10,4.2071441901440965,99.9,5,4.514283289966018,14,5
20,2.6911672329368965,97.72891296293234,2,6.125490328403082,19,1
0,10.069427799438117,72.17474300864401,2,3.70302315178844,2,4
0,-6.6,73.13556567407382,2,4.996867196120264,6,2
0,8.33919371931496,81.19281237473028,3,3.786732422411464,5,5
0,8.987595420951656,78.24956163281595,5,4.690213368994051,21,4
0,-4.936434983576323,63.36814165808721,4,2.6112816804520387,13,5
0,2.3232530913721785,57.85492754769743,2,0.0,9,1
0,2.202643241581937,52.659319604371305,6,3.7106038608878062,13,1
0,-2.1433090170583053,31.123232807375665,6,7.52722125813787,13,5
0,0.4980397813181523,45.8661092290882,6,6.310109989482698,10,4
0,-0.8977676998495969,1.8738072697717882,2,6.4061539171135635,3,4
0,11.110864287874273,51.54582310305578,4,7.069780806832242,7,1
10,7.685548212077793,23.814662309574395,6,4.257071023979054,20,3
0,9.094432692317241,20.23249039002291,5,4.523416037987253,9,5
0,6.787867027017281,60.21275127415328,1,2.5257506569000823,21,5
0,-0.9752677018029487,97.96968438548498,1,3.2649874125528164,9,2
0,1.5605290665925016,83.21446739681315,4,5.549142640895345,22,1
0,5.81346080974932,5.688294457346849,6,6.99073804947067,19,4
0,-1.3656889017286948,23.782359044472265,4,3.697938125817441,20,4
0,6.751484187479059,83.91392326668978,4,2.936238507675454,17,3
0,2.7526264548865687,24.004791803726846,1,4.041045853787886,10,4
0,2.1884655770607244,47.611804371970514,0,5.513442081441195,10,4
0,6.74293355739443,71.74309949361493,5,0.5005450331643533,5,4
0,5.624235003683894,24.445341597952215,3,0.0,20,5
0,2.2465809200008047,57.89150994806292,5,2.6902644404697966,18,1
30,8.623687115745831,13.05444818789723,6,1.0475162580829118,17,3
0,-0.7739730806768801,35.876598018688455,2,2.794187987084621,20,4
0,6.344339826162967,64.57022855861814,4,3.6775095475522424,14,1
10,6.248557773666892,4.987637827164647,2,2.9287398704461114,22,3
0,2.462268564463394,68.32978596811573,5,7.600070059814415,1,3
0,5.1287200416549945,53.997369763194044,4,4.840675209968628,19,3
0,-1.4872739885914923,71.81903821584686,0,4.776280651932498,22,2
0,7.636674801602856,61.58396519647996,5,5.564918682673897,5,3
20,2.9851075196505015,97.10179296820458,3,1.2482205053627449,7,1
10,1.5680678796317884,58.50980233592229,6,6.586843935145588,22,2
0,8.160931144061049,41.23318413966188,4,3.8540367298251366,18,2
0,0.8062331293194558,58.41862686609792,2,5.683247614886733,2,4
0,-2.147292261545746,71.532711524614,0,1.412393174126223,22,2
0,-2.7688043266978957,56.13106509329202,5,0.2311462065607235,22,5
0,6.302705196394911,55.87350668874214,3,6.044579693127552,16,5
0,-1.610243345387742,32.742178586179364,5,4.962414496724533,7,5
0,11.121450482364281,33.95984849117198,6,1.8286243526838222,6,2
0,-4.972253817497906,10.918201451052951,2,1.9080156452926915,2,1
0,10.876743898450785,99.9,6,6.798440644127249,3,5
20,4.645850827929876,15.862985069458261,1,1.1242407696577708,5,5
0,3.3550294206476616,33.02522098610706,2,8.066305501663065,9,3
0,1.474963198222556,32.23083652554493,2,1.8321316074391865,9,3
0,5.43494230392476,82.48580400266495,6,5.604591152745288,21,3
0,3.6028425429256363,45.42145816574125,0,3.2342353309787026,4,5
0,8.388669716763161,93.47600673407771,2,5.518297170348598,2,4
0,4.23985162513535,33.62998118340891,4,2.7060082563087438,13,4
0,4.3911698242919455,63.2996973812549,0,3.640710384327837,8,1
0,2.2354816872195595,28.58818483986046,1,4.140053636059262,5,1
0,3.5218400287179485,99.9,6,1.583169167739626,19,1
0,5.05182688947672,17.61562317674877,5,5.855675610883059,7,4
0,-3.4128472798257032,64.25993836736751,4,2.7817520408820697,19,5
10,-1.8944561960853177,74.35111019700454,6,3.479402887209042,1,4
0,6.878437988824686,67.49884494465854,3,1.6023820338202048,20,3
0,4.4774272060995814,48.83740878241388,6,0.0,9,3
0,2.9889615624601484,50.565193792263194,0,3.571500522206758,21,4
0,3.8380307233980613,55.97380223485217,0,9.953604345329563,2,4
0,5.218689713866747,50.02999957354344,2,5.962989908002745,14,5
0,1.4966050915261118,84.63373076320343,6,3.992540270480399,21,3
0,0.4959926345689918,99.9,3,3.3953482925457297,5,5
0,4.582208741271233,37.24332250739607,2,4.094820569546721,3,2
0,-0.343222387504464,11.939986485996933,1,5.380861359068213,17,4
0,5.473183403878333,51.85911471914838,4,1.1453190057594318,12,2
0,-3.381031763505659,99.9,4,6.77120000954873,18,4
0,8.077652331994706,29.57477660823978,0,5.793309131526509,4,2
0,5.743086872420317,99.9,6,5.800183359759153,6,4
0,4.834661436718061,99.9,1,5.114552476244594,8,3
10,7.882749474288162,37.36491712341271,5,4.0878364657147594,9,3
0,10.74678563874275,72.33279585065463,2,5.689083036561339,23,2
0,8.015632063125263,99.9,5,5.490418709551281,17,1
0,-3.961112243050115,42.79932785380105,5,3.1719198242321527,10,4
0,-1.606667887302505,48.26759469032719,4,2.633727224948999,5,5
0,1.139812971754258,36.489835836592114,0,4.289423959929555,13,5
0,3.870149633254782,22.999608215630957,3,7.8367418242023,12,1
20,5.932104155470534,34.38421389944769,4,1.00242691360559,13,5
0,0.7164671513410048,16.483581674716405,5,0.4425235393115141,4,2
0,4.544127670244148,55.67077680742155,4,4.443616879216684,1,5
0,0.5921414841570245,30.624566710765414,3,4.1644886935275505,11,1
0,1.1956050375695297,61.891469156293745,4,4.46465036969664,3,4
0,-2.1397410585461083,6.143236045785933,5,4.63773481570771,21,4
20,-0.11193147105591184,64.91593838910701,3,3.492633744352424,13,3
0,-1.9091340386225273,80.5733487333172,2,7.691735670591212,14,5
20,-0.33273776189432525,1.0,0,0.11558289031594349,4,5
20,8.180363147016054,66.26087292479409,5,2.008922731228706,18,3
0,-0.22168712764797727,92.85073418251037,1,3.7866515144421156,2,2
0,14.802622595225372,16.92900047629543,2,0.011933437146455894,12,2
0,5.830001730887457,99.9,1,3.6086937704065867,14,3
0,4.536029312066847,67.66144418748395,3,8.112381616204932,21,1
0,0.1601982616528561,32.64810094077392,4,4.090949100652105,18,3
0,6.698260185489665,52.871887444688625,5,4.60525052401882,14,3
0,1.34610890438248,72.00085832770786,0,0.9508098711482478,2,2
0,4.272495070829163,56.97663657557138,0,2.5289139261938343,5,5
10,14.499359931926133,71.39122796655545,3,3.1200626115126533,16,3
0,3.357769415560618,25.930279688450536,5,3.2609619182378635,18,5
10,8.581503735940133,59.88464017922299,4,7.181343389684372,8,2
0,0.8111293966732469,10.572151245595911,6,5.406775529842864,18,3
0,3.6139424700599863,51.14441316827274,0,1.3153230637082043,2,3
0,11.188591918518622,26.452535826562816,1,4.6439893024641155,12,2
0,1.130800854387366,31.697468460285123,0,5.2610031262999115,3,4
10,11.36329028588559,93.11314583943229,3,6.834508526991105,16,1
0,6.729476989773247,88.60318179407506,0,7.914005609277465,6,5
10,1.4013568221909862,73.58361760521493,1,1.5515319103899263,0,1
0,6.413434619461839,20.583752812688346,2,2.0521610703663944,22,4
0,7.840230282553131,44.753021602217856,5,0.9571509490728722,1,1
0,6.368980677790792,92.39684124996359,2,3.466117409365542,1,4
10,-2.8258328558304537,59.023537736742156,5,5.182898967259227,18,4
30,0.7106224856279879,99.9,2,6.4599264219755455,1,3
0,2.722453357227588,66.8608577320928,0,3.853578995980449,4,3
0,3.4484848437455273,60.59137608481048,0,3.255734870464257,10,5
10,6.364207736230819,44.980165534750064,4,4.411744027844595,8,2
0,4.506099984822119,58.76885664799076,3,1.9926322209513603,10,4
20,-1.8405924573133863,49.85967758245754,2,9.161672081257572,17,2
10,5.355502958580716,76.66653120519744,1,0.09901987345184393,22,4
0,6.321899040531271,84.41017483638592,3,4.492591623864099,8,2
0,6.108830656460535,30.12566427256183,0,9.000056972627409,4,4
0,8.294201396567804,13.14143530917385,6,4.056419629260872,17,5
0,7.258716626139202,1.0,6,3.5739241116700877,12,5
20,5.686805591200237,70.43291460735175,5,3.1635741243412827,11,2
0,3.466386416310557,20.239427795744348,5,3.597571902720534,6,4
10,-3.206439317873942,1.0,0,7.404906179837642,18,4
0,5.5628039987496125,66.71323148609919,2,0.0,11,5
20,4.631883573296019,99.9,6,7.798535996304599,7,4
0,4.89988444745665,54.41997567162741,0,0.5493185963910667,11,3
0,-1.594803783472627,80.72790824015846,4,3.386128026173168,11,3
20,-0.773944610798182,57.15805202125677,1,2.987578942227056,12,2
0,8.17831220216639,51.52868988758174,4,5.482425612593907,5,2
0,3.5947869254849216,83.23813741739936,4,0.12239636829638334,20,5
20,6.6193622907820675,45.56708768550341,6,5.172638872666836,9,3
20,3.879492481101461,62.93830206352608,4,9.001781171146606,7,4
0,3.88552339208894,64.62990760116625,3,0.6983115009003606,10,5
0,7.6964770013583825,33.79819544931909,6,4.504763377241103,21,5
0,1.596080963976691,85.51100999593154,1,2.417087355315693,21,4
0,4.163899674871392,49.159120930493785,3,5.083695205698601,14,2
0,1.8216248270180577,31.06776837802288,1,4.08668713671512,10,4
0,1.9381482062449649,71.32126086510162,5,2.4673257804013917,14,1
0,2.4638386876137144,26.621980169429055,6,5.23563430780227,11,3
10,4.69247981024534,55.48692096897808,2,8.462606976786631,7,1
10,1.7525249965881726,54.32502841233611,5,3.5718044021648487,8,5
0,9.0281615794412,88.4345194643149,3,5.804037209094162,14,2
0,0.008144282513941725,69.39584119124139,6,0.8696543869868578,6,3
0,2.976846128363559,53.82949848101683,5,1.6953151552294465,8,2
0,1.916189934387393,80.08234485920693,5,5.197723712778243,20,4
0,9.83026951591992,97.91377866614249,1,7.6776475006075415,4,3
20,4.58518493373393,71.98476614580262,6,4.911438478377207,10,2
0,8.088931329547421,54.93156548600677,5,3.272377414950658,23,1
0,-2.4706957365969586,13.745639409412583,3,4.038014788532228,21,2
0,4.8808886855477684,21.430999547429643,5,0.9747265070834978,0,5
0,7.492394756815151,45.1013930985242,2,5.521552134604091,22,3
0,4.105859223446236,35.62289661156528,6,6.20254469364741,22,4
0,8.23002181451273,48.7849635952944,1,2.9315785706658852,3,3
0,1.5908639886727887,56.37371755098969,0,2.8875747120079134,14,2
0,9.672423054758626,71.10890985945967,4,4.691477905298875,5,1
0,13.403774903176256,52.41306013658103,1,2.969255294246058,21,5
10,2.238726883959264,69.76351515088594,2,3.877646082477712,18,3
0,1.8919806790784375,56.617448892854945,1,9.186633026073888,9,4
0,9.85714291638724,1.0,4,3.4342372223450703,2,2
0,10.386455747342733,25.348968218131123,3,3.1613809456632294,12,4
30,1.5674931850501355,50.120783997777224,0,2.4524838931123107,8,5
0,1.998171143333396,16.927326979455152,3,5.8639304053223,12,5
0,2.578719666471665,73.29674686610643,3,3.595531282510237,23,2
10,-1.878789559445476,99.9,5,2.4479951378178395,9,4
20,-0.0927145324951093,92.57327847643288,1,7.278559380507053,23,4
30,-0.45131002735129844,47.96037939259465,6,7.519511846785779,15,3
0,0.5400664717661203,99.9,5,2.567981093652431,8,4
0,3.615215978188814,59.24004581943419,0,0.0,0,4
0,4.743155186741427,44.10892082389728,0,6.509390027247285,23,5
10,10.264510401375123,35.501709494760505,6,2.3615729739564024,21,5
0,-0.42703674960777427,45.187211370250466,2,5.977749470248428,9,3
0,7.8895926837189565,42.51745084464955,1,0.0,22,4
20,2.863099023822302,59.91751563261694,2,6.22770469842248,7,3
0,3.5532240233678527,59.61093172594384,5,1.0709021200195852,23,3
0,6.591336987829218,54.70396632405425,1,5.83101577674676,8,5
0,-0.9487166311165902,68.2196225547826,0,4.0747381481473255,12,3
0,5.364781079900801,91.69748371357798,6,1.7014357487123348,11,4
0,4.458915260791601,84.1875103748689,5,3.0420159126313715,11,3
0,5.826366494405457,8.354799925426555,4,5.722069653947655,21,1
0,4.973667492101663,1.0,1,4.299322375668643,19,2
0,14.059826282208876,83.71296724831103,5,5.472276850152371,9,4
0,1.0856122217200666,12.031077276570251,0,8.884443596933536,1,2
0,1.5333616382663942,47.60768475109407,1,0.2054504391864378,3,5
20,1.1468518058848747,18.16028977342608,1,8.003896497775347,17,1
0,1.430675970677941,1.0,6,4.295551134547236,23,3
0,1.0870923323396413,71.4755422599865,0,1.8366337308046607,17,1
10,8.74821248400351,78.25661926040279,5,0.778859538659082,14,1
0,9.719221934460712,36.65089631973182,6,3.576175911322425,22,1
20,1.366627160544514,1.0,4,6.298919455786182,6,2
0,0.2692683632744237,37.59367486394175,4,3.7271006780469165,17,2
30,5.738129108971507,66.81370209711969,3,7.743925813638906,9,4
0,1.444325668825364,8.54127511322016,3,0.4825999561645271,0,5
20,6.415632945046138,60.32070929405256,3,4.010119032097718,14,2
0,4.611897476066522,54.13218455786032,5,0.9698590927276101,14,5
30,-2.5973059044637727,72.65390114549037,0,4.931093673751896,0,4
0,10.251946208436404,58.33398865020552,6,6.21370835573204,14,5
0,11.293781259409315,24.298174775632432,4,3.0083717313828884,16,5
30,1.1902741121008038,91.88205338060072,0,0.0,12,3
0,2.134435356949565,49.670917962264646,0,4.527417507059837,13,5
0,4.959811508289389,53.758552282327884,0,5.110294247487353,22,2
0,5.16363531600549,25.537967632617598,0,5.030767344312031,6,5
0,6.523068173614966,40.800927314907206,2,7.0689264829535885,18,4
0,12.19280698248497,27.047650607518786,4,1.4143628607563112,19,4
0,3.01847556125106,49.22184719403328,1,5.7071114441920985,16,1
20,0.4121310574577115,99.9,3,6.962850697238592,0,4
0,-2.0250515476370783,11.874629104878345,4,0.0,10,5
0,0.6947127563708255,4.34695907550298,0,4.823288852512809,12,2
20,3.6217508809278702,99.9,6,2.8038957193979677,13,2
20,11.288245123021415,48.08869147915362,0,3.839921654018318,16,4
0,1.5895097510831953,33.76759746172924,5,4.8919834707380305,22,2
0,4.699418512822848,87.00191252900478,4,2.8454470141021346,17,4
0,3.6918186005176072,35.74427688958603,0,2.3834421430575214,2,3
0,8.745598137611555,99.9,1,4.1234668196419015,20,4
0,14.360298495440933,75.72634267778773,2,1.3746720613181669,17,3
0,1.5338993169570356,39.41073773939638,3,1.3781547800121352,1,1
0,1.707680768035086,99.9,4,5.705045500327961,11,1
0,8.140594028398636,35.74118112012809,1,1.2238040994340516,6,4
30,6.621001526662942,77.72521016678792,1,5.673030642246636,0,5
30,11.506993751813344,63.931989167225645,2,5.173665019236495,8,4
